"","Scenario2","Protected","Presences","TotalCells","Proportion"
"1","Baseline","No",291,692,42.0520231213873
"2","Baseline","Yes",401,692,57.9479768786127
"3","Increased Precipitation Only","No",227,593,38.2799325463744
"4","Increased Precipitation Only","Yes",366,593,61.7200674536256
"5","Increased Seasonality","No",192,558,34.4086021505376
"6","Increased Seasonality","Yes",366,558,65.5913978494624
"7","Increased Temperature Only","No",180,513,35.0877192982456
"8","Increased Temperature Only","Yes",333,513,64.9122807017544
"9","Large Perturbations","No",170,530,32.0754716981132
"10","Large Perturbations","Yes",360,530,67.9245283018868
"11","Reduced Precipitation Only","No",283,679,41.6789396170839
"12","Reduced Precipitation Only","Yes",396,679,58.3210603829161
"13","Small Perturbations","No",207,583,35.5060034305317
"14","Small Perturbations","Yes",376,583,64.4939965694683
