"","Scenario2","Critical","Presences","TotalCells","Proportion"
"1","Amplified Extremes","No",330,641,51.4820592823713
"2","Amplified Extremes","Yes",311,641,48.5179407176287
"3","Baseline","No",351,676,51.9230769230769
"4","Baseline","Yes",325,676,48.0769230769231
"5","Drier","No",309,608,50.8223684210526
"6","Drier","Yes",299,608,49.1776315789474
"7","Hotter","No",358,560,63.9285714285714
"8","Hotter","Yes",202,560,36.0714285714286
"9","Large Perturbations, drier/hotter","No",356,570,62.4561403508772
"10","Large Perturbations, drier/hotter","Yes",214,570,37.5438596491228
"11","Large Perturbations, extremes/hotter","No",386,578,66.7820069204152
"12","Large Perturbations, extremes/hotter","Yes",192,578,33.2179930795848
"13","Large Perturbations, wetter/hotter","No",385,551,69.8729582577133
"14","Large Perturbations, wetter/hotter","Yes",166,551,30.1270417422868
"15","Small Perturbations, drier/hotter","No",379,645,58.7596899224806
"16","Small Perturbations, drier/hotter","Yes",266,645,41.2403100775194
"17","Small Perturbations, extremes/hotter","No",382,648,58.9506172839506
"18","Small Perturbations, extremes/hotter","Yes",266,648,41.0493827160494
"19","Small Perturbations, wetter/hotter","No",366,639,57.2769953051643
"20","Small Perturbations, wetter/hotter","Yes",273,639,42.7230046948357
"21","Wetter","No",353,653,54.0581929555896
"22","Wetter","Yes",300,653,45.9418070444104
